{"initial_reset_timestamp": 1670078464.888015, "timestamps": [1670078467.6888168, 1670078471.830673], "episode_lengths": [92, 134], "episode_rewards": [-5.0, -5.0], "episode_types": ["t", "t"]}