{"initial_reset_timestamp": 1670078120.911896, "timestamps": [1670078125.118955, 1670078129.5260448, 1670078133.816551], "episode_lengths": [130, 143, 150], "episode_rewards": [-4.0, -5.0, -5.0], "episode_types": ["t", "t", "t"]}