{"initial_reset_timestamp": 1670078283.906249, "timestamps": [1670078288.342945, 1670078293.08954, 1670078296.563185], "episode_lengths": [147, 154, 121], "episode_rewards": [-5.0, -5.0, -5.0], "episode_types": ["t", "t", "t"]}