{"initial_reset_timestamp": 1670078385.130275, "timestamps": [1670078389.969264, 1670078393.998987, 1670078398.6579509], "episode_lengths": [149, 130, 162], "episode_rewards": [-5.0, -5.0, -5.0], "episode_types": ["t", "t", "t"]}