{"initial_reset_timestamp": 1670078075.821414, "timestamps": [1670078078.916943, 1670078082.98898, 1670078087.340391], "episode_lengths": [94, 132, 152], "episode_rewards": [-5.0, -5.0, -5.0], "episode_types": ["t", "t", "t"]}