{"initial_reset_timestamp": 1670078480.905587, "timestamps": [1670078486.350276, 1670078492.551605], "episode_lengths": [179, 201], "episode_rewards": [-5.0, -4.0], "episode_types": ["t", "t"]}