{"initial_reset_timestamp": 1670318717.817734, "timestamps": [1670318723.396926, 1670318726.9389749, 1670318732.1279922], "episode_lengths": [154, 115, 181], "episode_rewards": [-4.0, -5.0, -4.0], "episode_types": ["t", "t", "t"]}