{"initial_reset_timestamp": 1670078471.846019, "timestamps": [1670078475.67095, 1670078480.8910909], "episode_lengths": [126, 169], "episode_rewards": [-5.0, -5.0], "episode_types": ["t", "t"]}