{"initial_reset_timestamp": 1670324881.003048, "timestamps": [1670324886.68129, 1670324890.534988, 1670324895.2291682], "episode_lengths": [162, 124, 163], "episode_rewards": [-5.0, -5.0, -5.0], "episode_types": ["t", "t", "t"]}