{"initial_reset_timestamp": 1670078014.181619, "timestamps": [1670078020.952699, 1670078025.020791, 1670078028.406834], "episode_lengths": [208, 133, 115], "episode_rewards": [-4.0, -5.0, -5.0], "episode_types": ["t", "t", "t"]}