{"initial_reset_timestamp": 1670078458.343945, "timestamps": [1670078461.4409301, 1670078464.870529], "episode_lengths": [93, 111], "episode_rewards": [-5.0, -5.0], "episode_types": ["t", "t"]}