{"initial_reset_timestamp": 1670078222.2211142, "timestamps": [1670078227.296996, 1670078231.1572638, 1670078234.3881128], "episode_lengths": [158, 125, 117], "episode_rewards": [-5.0, -5.0, -5.0], "episode_types": ["t", "t", "t"]}