{"initial_reset_timestamp": 1670078349.659626, "timestamps": [1670078353.421461, 1670078359.386194, 1670078362.939094], "episode_lengths": [112, 194, 124], "episode_rewards": [-5.0, -5.0, -5.0], "episode_types": ["t", "t", "t"]}