{"initial_reset_timestamp": 1670078424.5646038, "timestamps": [1670078429.856807], "episode_lengths": [174], "episode_rewards": [-5.0], "episode_types": ["t"]}