{"initial_reset_timestamp": 1670078264.347399, "timestamps": [1670078270.130256, 1670078273.9871202, 1670078278.8852532], "episode_lengths": [180, 125, 170], "episode_rewards": [-4.0, -5.0, -5.0], "episode_types": ["t", "t", "t"]}